"","TX_MUNTY_COLLISION_NL","CD_NIS","CD_ROAD_TYPE_NL","_2017","_2018","_2019","_2020","_2022","_2021","Totaal"
"1","Aalst (Aalst)","41002","Autosnelweg",1,0,0,0,0,0,1
"2","Aalst (Aalst)","41002","Gemeenteweg",1,1,1,1,2,0,6
"3","Aalst (Aalst)","41002","Gewestweg",1,0,2,1,2,0,6
"4","Aalter","44084","Autosnelweg",0,0,2,0,2,1,4
"5","Aalter","44084","Gewestweg",2,0,1,1,1,0,5
"6","Aarlen","81001","Autosnelweg",0,3,1,0,0,0,4
"7","Aarlen","81001","Gemeenteweg",0,1,0,0,1,0,2
"8","Aarlen","81001","Gewestweg",0,1,3,1,1,1,6
"9","Aarschot","24001","Gemeenteweg",0,0,2,2,0,1,4
"10","Aarschot","24001","Gewestweg",2,1,1,0,2,0,6
"11","Aarschot","24001","onbekend",0,0,1,0,0,0,1
"12","Aartselaar","11001","Autosnelweg",0,0,1,0,0,1,1
"13","Aartselaar","11001","Gemeenteweg",0,0,2,0,0,1,2
"14","Aartselaar","11001","Gewestweg",0,0,0,1,0,0,1
"15","Aat","51004","Autosnelweg",1,0,0,0,0,0,1
"16","Aat","51004","Gemeenteweg",0,0,2,1,0,0,3
"17","Aat","51004","Gewestweg",1,4,3,0,1,2,9
"18","Affligem","23105","Autosnelweg",0,0,0,1,0,0,1
"19","Affligem","23105","Gewestweg",0,1,0,0,0,1,1
"20","Aiseau-Presles","52074","Gemeenteweg",0,2,1,0,0,0,3
"21","Alken","73001","Gewestweg",1,0,0,0,0,0,1
"22","Alveringem","38002","Gewestweg",0,0,0,0,1,2,1
"23","Amay","61003","Gemeenteweg",0,1,0,0,0,0,1
"24","Amay","61003","Gewestweg",1,0,2,1,0,3,4
"25","Amel","63001","Gemeenteweg",1,0,0,1,0,0,2
"26","Andenne","92003","Gemeenteweg",0,0,0,1,1,0,2
"27","Andenne","92003","Gewestweg",0,2,1,2,2,1,7
"28","Andenne","92003","onbekend",1,0,0,0,0,0,1
"29","Anderlecht","21001","Autosnelweg",0,0,1,2,0,0,3
"30","Anderlecht","21001","Gemeenteweg",2,0,2,3,1,0,8
"31","Anderlecht","21001","Gewestweg",0,3,1,0,1,0,5
"32","Anderlues","56001","Gemeenteweg",0,0,0,1,0,1,1
"33","Anderlues","56001","Gewestweg",0,0,1,0,0,0,1
"34","Anhée","91005","Gemeenteweg",0,0,0,0,1,1,1
"35","Anhée","91005","Gewestweg",2,0,0,1,2,1,5
"36","Ans","62003","Autosnelweg",0,1,1,0,2,0,4
"37","Ans","62003","Gemeenteweg",1,0,1,0,0,1,2
"38","Ans","62003","Gewestweg",0,0,0,0,0,1,0
"39","Antoing","57003","Gewestweg",2,0,0,0,1,0,3
"40","Antwerpen","11002","Autosnelweg",2,3,2,2,3,5,12
"41","Antwerpen","11002","Gemeenteweg",9,5,4,5,6,12,29
"42","Antwerpen","11002","Gewestweg",6,7,6,6,2,2,27
"43","Antwerpen","11002","onbekend",1,0,0,0,0,0,1
"44","Ardooie","37020","Autosnelweg",0,0,2,1,0,1,3
"45","Ardooie","37020","Gemeenteweg",0,2,1,0,1,0,4
"46","Ardooie","37020","Gewestweg",0,0,0,1,0,0,1
"47","Arendonk","13001","Gewestweg",0,1,1,1,0,0,3
"48","As","71002","Gemeenteweg",0,0,0,1,0,0,1
"49","Asse","23002","Autosnelweg",0,0,0,0,1,0,1
"50","Asse","23002","Gemeenteweg",0,1,0,1,3,1,5
"51","Asse","23002","Gewestweg",1,0,0,1,0,0,2
"52","Assenede","43002","Gemeenteweg",2,0,0,3,1,0,6
"53","Assenede","43002","Gewestweg",1,1,0,0,0,0,2
"54","Assesse","92006","Autosnelweg",0,0,0,1,0,0,1
"55","Assesse","92006","Gewestweg",2,0,0,1,0,0,3
"56","Aubange","81004","Gemeenteweg",0,0,1,0,0,0,1
"57","Aubange","81004","Gewestweg",0,0,2,1,0,0,3
"58","Aubange","81004","onbekend",0,1,0,0,0,0,1
"59","Awans","62006","Autosnelweg",0,1,1,1,0,0,3
"60","Awans","62006","Gemeenteweg",0,0,0,1,0,0,1
"61","Awans","62006","Gewestweg",0,1,0,0,0,0,1
"62","Aywaille","62009","Autosnelweg",0,1,0,1,0,0,2
"63","Aywaille","62009","Gemeenteweg",1,0,0,0,0,0,1
"64","Aywaille","62009","Gewestweg",1,0,0,0,2,1,3
"65","Baelen","63004","Autosnelweg",1,0,0,0,0,0,1
"66","Baelen","63004","Gewestweg",1,0,1,2,1,0,5
"67","Balen","13003","Gemeenteweg",1,1,0,1,2,0,5
"68","Balen","13003","Gewestweg",0,0,1,0,0,0,1
"69","Bastenaken","82003","Autosnelweg",0,0,0,0,0,1,0
"70","Bastenaken","82003","Gewestweg",0,0,1,1,2,0,4
"71","Beaumont","56005","Gemeenteweg",0,3,0,0,0,0,3
"72","Beaumont","56005","Gewestweg",1,1,2,0,2,2,6
"73","Beauraing","91013","Gemeenteweg",1,1,2,0,0,0,4
"74","Beauraing","91013","Gewestweg",0,2,2,3,1,1,8
"75","Beernem","31003","Autosnelweg",0,0,0,0,2,0,2
"76","Beernem","31003","Gemeenteweg",2,0,0,1,0,0,3
"77","Beerse","13004","Gemeenteweg",1,0,0,0,0,1,1
"78","Beerse","13004","Gewestweg",0,0,1,0,0,0,1
"79","Beersel","23003","Autosnelweg",1,0,0,0,1,0,2
"80","Beersel","23003","Gemeenteweg",1,0,1,0,1,1,3
"81","Begijnendijk","24007","Gemeenteweg",0,0,0,1,1,0,2
"82","Bekkevoort","24008","Autosnelweg",1,1,0,0,0,0,2
"83","Bekkevoort","24008","Gemeenteweg",0,0,1,0,0,0,1
"84","Bekkevoort","24008","Gewestweg",1,0,0,1,0,1,2
"85","Beloeil","51008","Gemeenteweg",0,0,1,1,1,1,3
"86","Beloeil","51008","Gewestweg",2,1,3,1,0,0,7
"87","Bergen","53053","Autosnelweg",2,2,2,4,0,1,10
"88","Bergen","53053","Gemeenteweg",2,2,4,2,0,1,10
"89","Bergen","53053","Gewestweg",3,1,3,1,1,7,9
"90","Beringen","71004","Autosnelweg",0,0,1,0,1,0,2
"91","Beringen","71004","Gemeenteweg",0,0,0,0,1,1,1
"92","Beringen","71004","Gewestweg",1,3,0,1,1,0,6
"93","Berlaar","12002","Gemeenteweg",0,0,0,0,1,1,1
"94","Berlare","42003","Autosnelweg",0,1,0,0,0,0,1
"95","Berlare","42003","Gemeenteweg",1,0,0,0,1,0,2
"96","Berlare","42003","Gewestweg",1,0,1,1,1,0,4
"97","Berloz","64008","Autosnelweg",1,0,0,0,0,0,1
"98","Bernissart","51009","Gemeenteweg",1,0,0,0,1,0,2
"99","Bernissart","51009","Gewestweg",1,1,0,1,0,1,3
"100","Bertem","24009","Gemeenteweg",0,1,1,0,0,1,2
"101","Bertogne","82005","Autosnelweg",0,0,0,0,0,1,0
"102","Bertogne","82005","Gewestweg",0,1,2,0,1,0,4
"103","Bertrix","84009","Gemeenteweg",2,1,0,1,0,2,4
"104","Bertrix","84009","Gewestweg",2,0,0,2,1,2,5
"105","Bevekom","25005","Gewestweg",0,0,1,0,1,0,2
"106","Beveren (Sint-Niklaas)","46003","Autosnelweg",1,1,1,1,1,2,5
"107","Beveren (Sint-Niklaas)","46003","Gemeenteweg",1,2,1,3,1,5,8
"108","Beveren (Sint-Niklaas)","46003","Gewestweg",0,1,0,1,1,0,3
"109","Bierbeek","24011","Autosnelweg",1,0,0,0,0,0,1
"110","Bilzen","73006","Gemeenteweg",0,1,1,0,0,0,2
"111","Bilzen","73006","Gewestweg",1,0,0,1,0,2,2
"112","Binche","58002","Gemeenteweg",0,1,1,0,0,0,2
"113","Binche","58002","Gewestweg",1,0,0,1,1,0,3
"114","Binche","58002","onbekend",2,0,0,0,0,0,2
"115","Bitsingen","62011","Autosnelweg",1,0,0,1,0,0,2
"116","Bitsingen","62011","Gemeenteweg",0,0,1,2,0,0,3
"117","Bitsingen","62011","Gewestweg",0,1,0,0,0,1,1
"118","Bitsingen","62011","onbekend",0,0,0,0,1,0,1
"119","Bièvre","91015","Gemeenteweg",0,0,1,0,0,0,1
"120","Blankenberge","31004","Gemeenteweg",0,1,0,0,1,0,2
"121","Blankenberge","31004","Gewestweg",1,0,0,1,0,0,2
"122","Blegny","62119","Autosnelweg",0,0,0,0,0,1,0
"123","Blegny","62119","Gemeenteweg",0,1,0,1,0,0,2
"124","Bocholt","72003","Gewestweg",1,0,2,1,0,0,4
"125","Boechout","11004","Gewestweg",0,0,0,1,0,0,1
"126","Bonheiden","12005","Gemeenteweg",0,0,0,0,1,0,1
"127","Bonheiden","12005","Gewestweg",0,0,0,0,1,0,1
"128","Boom","11005","Autosnelweg",0,0,0,0,1,1,1
"129","Boortmeerbeek","24014","Gemeenteweg",0,0,1,0,0,0,1
"130","Boortmeerbeek","24014","Gewestweg",0,1,0,0,0,0,1
"131","Borgloon","73009","Gemeenteweg",2,0,0,0,1,0,3
"132","Borgloon","73009","Gewestweg",0,1,1,0,0,0,2
"133","Borgworm","64074","Autosnelweg",2,0,0,1,0,1,3
"134","Borgworm","64074","Gemeenteweg",1,2,0,0,0,0,3
"135","Borgworm","64074","Gewestweg",1,0,0,0,0,0,1
"136","Bornem","12007","Gemeenteweg",0,2,1,0,0,2,3
"137","Bornem","12007","Gewestweg",1,0,1,0,0,1,2
"138","Bouillon","84010","Gewestweg",1,0,2,0,0,0,3
"139","Boussu","53014","Gewestweg",0,1,1,0,3,0,5
"140","Boutersem","24016","Gewestweg",0,0,0,0,0,1,0
"141","Braives","64015","Gemeenteweg",0,0,0,0,0,1,0
"142","Braives","64015","Gewestweg",0,1,0,0,1,0,2
"143","Brakel","45059","Gewestweg",0,1,1,1,0,0,3
"144","Brasschaat","11008","Gemeenteweg",0,0,1,0,1,1,2
"145","Brasschaat","11008","Gewestweg",1,0,0,0,0,2,1
"146","Brecht","11009","Autosnelweg",2,3,0,1,0,0,6
"147","Brecht","11009","Gemeenteweg",0,0,0,0,0,1,0
"148","Brecht","11009","Gewestweg",3,2,1,3,1,1,10
"149","Bredene","35002","Gewestweg",0,0,1,0,0,1,1
"150","Bree","72004","Gemeenteweg",0,2,0,0,1,1,3
"151","Bree","72004","Gewestweg",2,1,2,2,0,4,7
"152","Brugge","31005","Autosnelweg",1,0,0,0,2,1,3
"153","Brugge","31005","Gemeenteweg",0,1,2,3,1,3,7
"154","Brugge","31005","Gewestweg",6,3,4,0,4,3,17
"155","Brugge","31005","onbekend",0,0,0,0,1,0,1
"156","Brunehaut","57093","Gemeenteweg",0,0,1,0,0,0,1
"157","Brussel","21004","Autosnelweg",0,0,1,1,0,0,2
"158","Brussel","21004","Gemeenteweg",4,2,4,1,2,1,13
"159","Brussel","21004","Gewestweg",4,3,3,2,6,2,18
"160","Brussel","21004","onbekend",1,0,0,0,0,0,1
"161","Buggenhout","42004","Gemeenteweg",0,0,1,0,0,0,1
"162","Buggenhout","42004","Gewestweg",0,0,0,0,1,0,1
"163","Burdinne","61010","Gewestweg",0,0,0,0,0,1,0
"164","Burg-Reuland","63087","Gemeenteweg",1,0,1,0,1,1,3
"165","Burg-Reuland","63087","Gewestweg",1,0,0,0,0,0,1
"166","Büllingen","63012","Gemeenteweg",0,0,1,0,0,0,1
"167","Büllingen","63012","Gewestweg",0,0,0,2,1,0,3
"168","Bütgenbach","63013","Gemeenteweg",0,1,0,0,0,0,1
"169","Bütgenbach","63013","Gewestweg",0,2,0,0,1,0,3
"170","Celles (Doornik)","57018","Autosnelweg",0,0,1,0,1,0,2
"171","Cerfontaine","93010","Gemeenteweg",1,0,0,0,0,0,1
"172","Cerfontaine","93010","Gewestweg",0,2,0,1,1,0,4
"173","Chapelle-lez-Herlaimont","52010","Autosnelweg",0,0,0,1,0,0,1
"174","Chapelle-lez-Herlaimont","52010","Gemeenteweg",1,0,0,0,1,0,2
"175","Chapelle-lez-Herlaimont","52010","Gewestweg",2,0,0,0,0,0,2
"176","Charleroi","52011","Autosnelweg",1,1,4,1,1,2,8
"177","Charleroi","52011","Gemeenteweg",2,2,3,8,5,1,20
"178","Charleroi","52011","Gewestweg",1,3,4,0,3,4,11
"179","Chaudfontaine","62022","Autosnelweg",1,0,0,0,0,0,1
"180","Chaudfontaine","62022","Gemeenteweg",0,0,0,0,0,1,0
"181","Chaudfontaine","62022","Gewestweg",1,0,1,1,1,0,4
"182","Chaumont-Gistoux","25018","Autosnelweg",0,0,0,0,1,0,1
"183","Chaumont-Gistoux","25018","Gewestweg",1,0,0,1,1,0,3
"184","Chimay","56016","Gemeenteweg",0,1,1,0,1,1,3
"185","Chimay","56016","Gewestweg",1,2,0,2,0,2,5
"186","Chiny","85007","Gemeenteweg",0,0,1,0,0,0,1
"187","Chiny","85007","Gewestweg",0,1,0,0,3,0,4
"188","Chièvres","51014","Gemeenteweg",1,0,0,0,0,0,1
"189","Chièvres","51014","Gewestweg",0,0,0,0,1,1,1
"190","Châtelet","52012","Autosnelweg",2,2,0,0,0,0,4
"191","Châtelet","52012","Gewestweg",1,1,1,0,3,0,6
"192","Ciney","91030","Gemeenteweg",2,1,1,0,0,0,4
"193","Ciney","91030","Gewestweg",2,0,1,2,5,0,10
"194","Clavier","61012","Gemeenteweg",0,0,1,0,0,0,1
"195","Clavier","61012","Gewestweg",0,2,1,1,0,0,4
"196","Colfontaine","53082","Gemeenteweg",0,0,0,0,1,0,1
"197","Comblain-au-Pont","62026","Gewestweg",0,0,1,1,1,0,3
"198","Courcelles","52015","Autosnelweg",0,0,1,0,0,1,1
"199","Courcelles","52015","Gemeenteweg",1,0,0,0,1,0,2
"200","Courcelles","52015","Gewestweg",1,0,0,2,1,0,4
"201","Court-Saint-Etienne","25023","Gemeenteweg",0,1,0,0,0,0,1
"202","Court-Saint-Etienne","25023","Gewestweg",0,0,0,0,1,2,1
"203","Couvin","93014","Gemeenteweg",0,1,0,0,1,0,2
"204","Couvin","93014","Gewestweg",3,1,1,0,1,0,6
"205","Crisnée","64021","Gemeenteweg",0,0,0,0,0,1,0
"206","Crisnée","64021","Gewestweg",1,1,0,0,0,0,2
"207","Dalhem","62027","Gemeenteweg",1,0,0,0,0,0,1
"208","Dalhem","62027","Gewestweg",0,1,0,0,0,0,1
"209","Damme","31006","Autosnelweg",0,0,1,0,0,0,1
"210","Damme","31006","Gemeenteweg",0,2,3,1,1,0,7
"211","Damme","31006","Gewestweg",0,1,0,0,0,0,1
"212","De Haan","35029","Gemeenteweg",0,1,0,0,0,0,1
"213","De Haan","35029","Gewestweg",0,0,0,0,2,1,2
"214","De Panne","38008","Autosnelweg",0,0,0,0,1,0,1
"215","De Panne","38008","Gemeenteweg",1,0,0,0,0,0,1
"216","De Panne","38008","Gewestweg",2,0,1,0,0,0,3
"217","De Pinte","44012","Autosnelweg",1,0,0,1,0,0,2
"218","De Pinte","44012","Gemeenteweg",0,0,0,0,1,0,1
"219","Deerlijk","34009","Autosnelweg",1,0,0,0,0,0,1
"220","Deerlijk","34009","Gemeenteweg",0,1,1,0,0,0,2
"221","Deerlijk","34009","Gewestweg",1,0,0,0,0,0,1
"222","Deinze","44083","Autosnelweg",0,1,1,0,0,0,2
"223","Deinze","44083","Gemeenteweg",2,1,1,1,0,0,5
"224","Deinze","44083","Gewestweg",0,1,0,0,0,0,1
"225","Dendermonde","42006","Gemeenteweg",0,1,0,1,0,1,2
"226","Dendermonde","42006","Gewestweg",0,1,1,0,1,1,3
"227","Dentergem","37002","Gemeenteweg",2,0,0,2,0,1,4
"228","Dentergem","37002","Gewestweg",0,0,0,0,1,0,1
"229","Dessel","13006","Gemeenteweg",0,0,1,0,0,0,1
"230","Dessel","13006","Gewestweg",1,0,0,0,0,0,1
"231","Destelbergen","44013","Autosnelweg",0,0,1,2,0,0,3
"232","Destelbergen","44013","Gemeenteweg",1,0,1,0,0,2,2
"233","Destelbergen","44013","Gewestweg",0,0,1,0,0,0,1
"234","Diepenbeek","71011","Autosnelweg",0,1,0,1,0,0,2
"235","Diepenbeek","71011","Gemeenteweg",0,0,0,1,0,1,1
"236","Diepenbeek","71011","Gewestweg",1,0,0,1,0,0,2
"237","Diest","24020","Gemeenteweg",0,0,2,0,0,0,2
"238","Diest","24020","Gewestweg",1,0,1,0,2,1,4
"239","Diksmuide","32003","Gemeenteweg",0,2,0,0,0,0,2
"240","Diksmuide","32003","Gewestweg",1,2,0,0,0,1,3
"241","Dilbeek","23016","Autosnelweg",1,0,0,1,0,1,2
"242","Dilbeek","23016","Gemeenteweg",0,0,1,1,0,0,2
"243","Dilbeek","23016","Gewestweg",0,0,1,0,0,0,1
"244","Dilsen-Stokkem","72041","Gemeenteweg",1,1,0,1,0,2,3
"245","Dilsen-Stokkem","72041","Gewestweg",1,0,1,0,2,1,4
"246","Dinant","91034","Gemeenteweg",0,0,1,0,0,1,1
"247","Dinant","91034","Gewestweg",1,0,1,4,1,2,7
"248","Dison","63020","Gemeenteweg",0,2,0,0,0,0,2
"249","Dison","63020","Gewestweg",0,0,0,0,1,0,1
"250","Doische","93018","Gemeenteweg",0,0,0,0,1,0,1
"251","Doische","93018","Gewestweg",0,2,0,1,0,0,3
"252","Donceel","64023","Gemeenteweg",0,1,0,0,0,0,1
"253","Doornik","57081","Autosnelweg",4,2,2,2,1,2,11
"254","Doornik","57081","Gemeenteweg",1,2,2,2,1,3,8
"255","Doornik","57081","Gewestweg",4,2,2,0,1,2,9
"256","Doornik","57081","onbekend",0,0,0,1,0,0,1
"257","Dour","53020","Gemeenteweg",1,0,0,0,2,0,3
"258","Dour","53020","Gewestweg",0,0,1,0,0,0,1
"259","Drogenbos","23098","Autosnelweg",0,0,1,0,0,0,1
"260","Drogenbos","23098","Gewestweg",0,0,1,0,0,0,1
"261","Duffel","12009","Gemeenteweg",0,0,1,0,0,0,1
"262","Duffel","12009","Gewestweg",0,0,1,0,0,0,1
"263","Durbuy","83012","Gewestweg",0,3,3,0,0,2,6
"264","Ecaussinnes","55050","Gemeenteweg",0,1,0,0,0,0,1
"265","Ecaussinnes","55050","Gewestweg",0,1,0,0,0,0,1
"266","Edegem","11013","Autosnelweg",0,1,0,0,0,1,1
"267","Edegem","11013","Gemeenteweg",0,1,0,0,0,1,1
"268","Edegem","11013","Gewestweg",0,0,0,3,1,0,4
"269","Edingen","51067","Autosnelweg",0,0,0,1,0,0,1
"270","Edingen","51067","Gemeenteweg",0,1,0,0,0,0,1
"271","Eeklo","43005","Gemeenteweg",0,1,0,0,0,0,1
"272","Eeklo","43005","Gewestweg",0,2,2,0,0,1,4
"273","Eghezée","92035","Autosnelweg",0,0,0,1,0,0,1
"274","Eghezée","92035","Gewestweg",4,2,0,1,2,0,9
"275","Eigenbrakel","25014","Autosnelweg",0,0,1,0,0,1,1
"276","Eigenbrakel","25014","Gemeenteweg",0,0,0,2,0,1,2
"277","Eigenbrakel","25014","Gewestweg",1,0,0,0,0,1,1
"278","Elsene","21009","Gemeenteweg",1,3,1,0,1,0,6
"279","Elsene","21009","Gewestweg",0,1,0,0,0,0,1
"280","Elzele","51017","Gewestweg",1,1,0,0,1,0,3
"281","Engis","61080","Gemeenteweg",0,0,1,0,0,0,1
"282","Engis","61080","Gewestweg",0,1,1,0,0,2,2
"283","Erezée","83013","Gewestweg",0,0,0,0,0,1,0
"284","Erpe-Mere","41082","Autosnelweg",0,0,0,0,0,1,0
"285","Erpe-Mere","41082","Gewestweg",0,0,0,1,0,1,1
"286","Erquelinnes","56022","Gemeenteweg",1,1,0,1,1,0,4
"287","Erquelinnes","56022","Gewestweg",5,2,1,0,0,2,8
"288","Esneux","62032","Autosnelweg",1,0,0,0,0,0,1
"289","Esneux","62032","Gemeenteweg",0,0,0,1,0,0,1
"290","Esneux","62032","Gewestweg",0,2,3,0,1,0,6
"291","Essen","11016","Gemeenteweg",0,0,1,0,1,0,2
"292","Essen","11016","Gewestweg",1,0,0,0,0,0,1
"293","Estaimpuis","57027","Autosnelweg",0,0,1,0,1,0,2
"294","Estaimpuis","57027","Gemeenteweg",0,0,0,0,1,0,1
"295","Estaimpuis","57027","Gewestweg",0,0,0,1,0,0,1
"296","Estinnes","58003","Gemeenteweg",0,0,0,1,0,0,1
"297","Estinnes","58003","Gewestweg",0,4,2,1,1,1,8
"298","Etalle","85009","Gewestweg",0,0,1,0,2,0,3
"299","Etterbeek","21005","Gewestweg",1,0,0,0,0,0,1
"300","Eupen","63023","Gemeenteweg",0,1,0,0,1,0,2
"301","Eupen","63023","Gewestweg",1,1,2,2,1,0,7
"302","Eupen","63023","onbekend",0,0,0,1,0,0,1
"303","Evere","21006","Autosnelweg",0,0,0,1,0,0,1
"304","Evere","21006","Gemeenteweg",1,1,0,0,0,0,2
"305","Evergem","44019","Gemeenteweg",2,1,0,0,0,0,3
"306","Evergem","44019","Gewestweg",1,0,2,0,0,0,3
"307","Faimes","64076","Gewestweg",0,1,1,0,0,0,2
"308","Farciennes","52018","Gemeenteweg",1,0,0,0,1,0,2
"309","Farciennes","52018","Gewestweg",1,0,2,0,0,1,3
"310","Fernelmont","92138","Autosnelweg",0,0,0,0,1,0,1
"311","Fernelmont","92138","Gewestweg",0,0,4,1,0,2,5
"312","Ferrières","61019","Autosnelweg",0,0,1,0,0,0,1
"313","Ferrières","61019","Gewestweg",1,1,0,0,0,0,2
"314","Fexhe-le-Haut-Clocher","64025","Gewestweg",0,1,0,0,0,0,1
"315","Fleurus","52021","Autosnelweg",2,2,2,0,1,0,7
"316","Fleurus","52021","Gemeenteweg",0,0,0,1,0,0,1
"317","Fleurus","52021","Gewestweg",2,0,0,1,0,0,3
"318","Floreffe","92045","Gewestweg",0,0,0,0,1,0,1
"319","Florennes","93022","Gemeenteweg",0,0,0,0,0,1,0
"320","Florennes","93022","Gewestweg",2,1,0,1,0,0,4
"321","Florenville","85011","Gemeenteweg",0,0,1,0,1,1,2
"322","Florenville","85011","Gewestweg",1,0,0,3,2,1,6
"323","Flémalle","62120","Autosnelweg",0,1,0,0,0,0,1
"324","Flémalle","62120","Gemeenteweg",2,0,2,0,0,0,4
"325","Flémalle","62120","Gewestweg",2,0,1,1,0,0,4
"326","Fontaine-l’Evêque","52022","Autosnelweg",0,0,0,1,0,1,1
"327","Fontaine-l’Evêque","52022","Gemeenteweg",0,0,1,0,0,0,1
"328","Fontaine-l’Evêque","52022","Gewestweg",0,0,0,1,1,0,2
"329","Fosses-la-Ville","92048","Gemeenteweg",0,0,0,1,0,0,1
"330","Fosses-la-Ville","92048","Gewestweg",1,3,0,0,0,2,4
"331","Frameries","53028","Gemeenteweg",0,1,0,0,1,0,2
"332","Frasnes-lez-Anvaing","51065","Autosnelweg",1,0,0,1,0,0,2
"333","Frasnes-lez-Anvaing","51065","Gemeenteweg",0,0,0,1,0,0,1
"334","Frasnes-lez-Anvaing","51065","Gewestweg",0,0,2,0,1,0,3
"335","Froidchapelle","56029","Gemeenteweg",2,0,1,3,1,1,7
"336","Froidchapelle","56029","Gewestweg",0,0,0,0,1,0,1
"337","Froidchapelle","56029","onbekend",0,1,0,0,0,0,1
"338","Galmaarden","23023","Gewestweg",1,0,0,0,0,0,1
"339","Ganshoren","21008","Gemeenteweg",0,1,0,0,0,0,1
"340","Gavere","44020","Gemeenteweg",0,1,0,0,0,1,1
"341","Geel","13008","Autosnelweg",0,0,0,0,0,2,0
"342","Geel","13008","Gemeenteweg",1,0,1,2,0,2,4
"343","Geel","13008","Gewestweg",0,0,2,1,1,0,4
"344","Geer","64029","Gemeenteweg",0,0,0,0,1,0,1
"345","Geer","64029","Gewestweg",0,0,0,1,0,0,1
"346","Geetbets","24028","Gemeenteweg",0,0,1,0,0,1,1
"347","Geldenaken","25048","Gemeenteweg",0,0,1,0,0,0,1
"348","Geldenaken","25048","Gewestweg",1,0,0,2,0,0,3
"349","Gembloux","92142","Gemeenteweg",0,0,1,0,0,1,1
"350","Gembloux","92142","Gewestweg",2,0,1,1,1,2,5
"351","Genepiën","25031","Gemeenteweg",0,0,1,0,0,0,1
"352","Genepiën","25031","Gewestweg",3,1,2,0,0,0,6
"353","Genk","71016","Autosnelweg",0,0,1,0,0,0,1
"354","Genk","71016","Gemeenteweg",0,0,0,1,1,0,2
"355","Genk","71016","Gewestweg",1,3,3,2,3,5,12
"356","Genk","71016","onbekend",0,0,1,0,0,0,1
"357","Gent","44021","Autosnelweg",1,3,3,1,1,1,9
"358","Gent","44021","Gemeenteweg",1,1,2,6,4,6,14
"359","Gent","44021","Gewestweg",1,2,5,1,2,2,11
"360","Geraardsbergen","41018","Gemeenteweg",1,1,0,0,1,0,3
"361","Geraardsbergen","41018","Gewestweg",0,1,1,1,0,0,3
"362","Gerpinnes","52025","Gemeenteweg",1,0,0,1,0,1,2
"363","Gesves","92054","Gemeenteweg",0,0,1,0,0,0,1
"364","Gesves","92054","Gewestweg",2,0,0,0,0,1,2
"365","Gistel","35005","Autosnelweg",0,0,0,0,1,0,1
"366","Gistel","35005","Gewestweg",0,0,1,0,1,0,2
"367","Gooik","23024","Gemeenteweg",0,0,0,0,0,1,0
"368","Gooik","23024","Gewestweg",0,0,1,1,1,1,3
"369","Gouvy","82037","Gewestweg",0,1,2,1,0,1,4
"370","Graven","25037","Gewestweg",0,1,0,0,1,1,2
"371","Grimbergen","23025","Autosnelweg",0,1,1,0,2,0,4
"372","Grimbergen","23025","Gemeenteweg",0,1,0,0,0,0,1
"373","Grimbergen","23025","Gewestweg",0,1,0,0,0,0,1
"374","Grobbendonk","13010","Autosnelweg",0,1,0,1,0,0,2
"375","Grobbendonk","13010","Gemeenteweg",0,0,0,1,1,1,2
"376","Grâce-Hollogne","62118","Autosnelweg",2,1,3,2,0,0,8
"377","Grâce-Hollogne","62118","Gemeenteweg",0,1,0,0,0,0,1
"378","Haacht","24033","Gemeenteweg",0,0,1,0,0,0,1
"379","Haaltert","41024","Gemeenteweg",0,1,0,1,0,0,2
"380","Haaltert","41024","Gewestweg",0,1,0,0,0,0,1
"381","Habay","85046","Autosnelweg",1,0,0,1,0,1,2
"382","Habay","85046","Gewestweg",0,0,1,0,0,0,1
"383","Halen","71020","Gemeenteweg",0,0,0,0,0,1,0
"384","Halle (Halle-Vilvoorde)","23027","Autosnelweg",2,0,1,0,0,1,3
"385","Halle (Halle-Vilvoorde)","23027","Gemeenteweg",1,0,0,0,0,0,1
"386","Halle (Halle-Vilvoorde)","23027","Gewestweg",0,0,2,1,1,0,4
"387","Ham","71069","Autosnelweg",0,0,0,0,0,1,0
"388","Ham","71069","Gemeenteweg",0,0,0,0,0,1,0
"389","Ham","71069","Gewestweg",0,0,2,0,1,0,3
"390","Hamme (Dendermonde)","42008","Gemeenteweg",0,0,0,0,0,1,0
"391","Hamoir","61024","Gewestweg",2,0,0,1,0,0,3
"392","Hamois","91059","Gemeenteweg",0,2,0,1,0,0,3
"393","Hamois","91059","Gewestweg",1,0,0,1,3,0,5
"394","Hamont-Achel","72037","Gemeenteweg",0,2,0,0,2,1,4
"395","Hamont-Achel","72037","Gewestweg",0,2,0,0,0,0,2
"396","Hannuit","64034","Gemeenteweg",0,0,0,0,1,0,1
"397","Hannuit","64034","Gewestweg",1,1,0,0,0,0,2
"398","Harelbeke","34013","Autosnelweg",0,0,0,0,0,1,0
"399","Harelbeke","34013","Gemeenteweg",0,2,0,1,1,0,4
"400","Harelbeke","34013","Gewestweg",2,0,0,0,0,1,2
"401","Hasselt","71022","Autosnelweg",1,0,0,0,1,0,2
"402","Hasselt","71022","Gemeenteweg",1,0,2,0,0,3,3
"403","Hasselt","71022","Gewestweg",2,2,0,0,1,4,5
"404","Hastière","91142","Gemeenteweg",0,0,0,0,1,0,1
"405","Hastière","91142","Gewestweg",2,1,2,1,0,0,6
"406","Havelange","91064","Gewestweg",2,0,0,0,1,0,3
"407","Hechtel-Eksel","72038","Gemeenteweg",0,0,0,0,1,0,1
"408","Hechtel-Eksel","72038","Gewestweg",1,1,2,0,0,0,4
"409","Heers","73022","Gemeenteweg",0,0,0,1,0,0,1
"410","Heers","73022","Gewestweg",0,0,0,1,0,1,1
"411","Heist-op-den-Berg","12014","Gemeenteweg",0,1,1,1,2,0,5
"412","Heist-op-den-Berg","12014","Gewestweg",0,0,0,0,1,1,1
"413","Hemiksem","11018","Gemeenteweg",0,1,0,0,0,0,1
"414","Hensies","53039","Autosnelweg",0,1,0,0,0,0,1
"415","Hensies","53039","Gewestweg",1,1,1,0,0,0,3
"416","Herbeumont","84029","Gemeenteweg",0,0,0,0,0,1,0
"417","Herbeumont","84029","Gewestweg",1,0,1,0,0,0,2
"418","Herent","24038","Gemeenteweg",0,1,0,0,0,0,1
"419","Herent","24038","Gewestweg",0,1,1,0,0,0,2
"420","Herentals","13011","Autosnelweg",0,1,0,0,1,0,2
"421","Herentals","13011","Gemeenteweg",0,0,1,0,0,1,1
"422","Herentals","13011","Gewestweg",1,2,0,0,0,1,3
"423","Herk-de-Stad","71024","Gewestweg",2,0,0,1,0,1,3
"424","Herne","23032","Gewestweg",0,0,0,0,0,1,0
"425","Herselt","13013","Gemeenteweg",1,0,0,0,0,1,1
"426","Herselt","13013","Gewestweg",0,0,1,0,0,0,1
"427","Herstal","62051","Autosnelweg",1,0,0,1,0,1,2
"428","Herstal","62051","Gemeenteweg",0,0,0,1,0,2,1
"429","Herstal","62051","Gewestweg",1,2,0,0,1,0,4
"430","Herstal","62051","onbekend",0,1,0,0,0,0,1
"431","Herve","63035","Autosnelweg",1,1,1,0,0,0,3
"432","Herve","63035","Gemeenteweg",0,0,2,1,0,0,3
"433","Herve","63035","Gewestweg",1,0,1,2,1,3,5
"434","Herzele","41027","Gemeenteweg",0,1,0,0,0,1,1
"435","Herzele","41027","Gewestweg",0,0,0,0,1,0,1
"436","Herzele","41027","onbekend",1,0,0,0,0,0,1
"437","Heusden-Zolder","71070","Gemeenteweg",0,2,0,1,0,1,3
"438","Heusden-Zolder","71070","Gewestweg",0,0,0,1,1,1,2
"439","Heuvelland","33039","Gemeenteweg",0,1,0,0,0,0,1
"440","Heuvelland","33039","Gewestweg",0,0,1,1,0,1,2
"441","Hoegaarden","24041","Gemeenteweg",1,0,0,0,0,0,1
"442","Hoei","61031","Gemeenteweg",0,1,1,0,0,0,2
"443","Hoei","61031","Gewestweg",1,0,2,1,1,0,5
"444","Hoeilaart","23033","Gemeenteweg",0,0,0,0,1,1,1
"445","Hoeilaart","23033","Gewestweg",0,2,0,0,0,1,2
"446","Hoeselt","73032","Autosnelweg",0,0,0,0,1,0,1
"447","Holsbeek","24043","Gemeenteweg",0,0,0,1,0,0,1
"448","Hooglede","36006","Gemeenteweg",0,0,1,1,1,0,3
"449","Hoogstraten","13014","Autosnelweg",0,0,0,1,2,1,3
"450","Hoogstraten","13014","Gemeenteweg",0,1,0,0,1,0,2
"451","Hoogstraten","13014","Gewestweg",0,2,0,1,2,0,5
"452","Hotton","83028","Gewestweg",0,1,0,0,0,0,1
"453","Houffalize","82014","Autosnelweg",0,0,0,0,0,1,0
"454","Houffalize","82014","Gemeenteweg",0,0,1,0,1,0,2
"455","Houffalize","82014","Gewestweg",1,0,1,0,1,1,3
"456","Houthalen-Helchteren","72039","Autosnelweg",0,0,0,0,2,1,2
"457","Houthalen-Helchteren","72039","Gemeenteweg",1,0,1,2,2,0,6
"458","Houthalen-Helchteren","72039","Gewestweg",0,2,1,0,1,1,4
"459","Houthulst","32006","Gemeenteweg",2,0,0,2,0,0,4
"460","Houthulst","32006","Gewestweg",1,0,0,0,1,0,2
"461","Houyet","91072","Gemeenteweg",1,0,0,0,0,0,1
"462","Houyet","91072","Gewestweg",0,0,2,0,1,0,3
"463","Hulshout","13016","Gewestweg",1,0,0,0,1,0,2
"464","Hélécine","25118","Autosnelweg",0,0,1,0,0,0,1
"465","Hélécine","25118","Gewestweg",1,0,0,0,0,0,1
"466","Héron","61028","Autosnelweg",1,0,0,0,0,0,1
"467","Ichtegem","35006","Gemeenteweg",0,0,0,0,1,0,1
"468","Ichtegem","35006","Gewestweg",0,1,1,2,0,1,4
"469","Ieper","33011","Gemeenteweg",3,1,1,2,0,0,7
"470","Ieper","33011","Gewestweg",2,2,0,1,1,1,6
"471","Ieper","33011","onbekend",1,0,0,0,0,0,1
"472","Incourt","25043","Gewestweg",1,0,0,0,0,0,1
"473","Ingelmunster","36007","Gemeenteweg",1,0,0,0,0,0,1
"474","Ingelmunster","36007","Gewestweg",0,2,0,0,0,0,2
"475","Itter","25044","Autosnelweg",1,0,0,1,0,0,2
"476","Itter","25044","Gemeenteweg",0,0,0,0,0,1,0
"477","Itter","25044","Gewestweg",0,0,0,0,0,1,0
"478","Izegem","36008","Gewestweg",1,0,0,0,1,0,2
"479","Jabbeke","31012","Autosnelweg",1,1,0,0,0,0,2
"480","Jabbeke","31012","Gemeenteweg",0,0,0,0,1,0,1
"481","Jabbeke","31012","Gewestweg",0,1,0,0,1,0,2
"482","Jalhay","63038","Autosnelweg",0,1,1,0,1,0,3
"483","Jalhay","63038","Gemeenteweg",0,0,0,0,1,0,1
"484","Jalhay","63038","Gewestweg",2,1,1,1,0,0,5
"485","Jemeppe-sur-Sambre","92140","Autosnelweg",0,1,1,0,0,0,2
"486","Jemeppe-sur-Sambre","92140","Gemeenteweg",0,2,0,0,0,0,2
"487","Jemeppe-sur-Sambre","92140","Gewestweg",1,1,1,0,0,0,3
"488","Jette","21010","Gemeenteweg",0,0,0,1,1,0,2
"489","Juprelle","62060","Autosnelweg",0,0,0,0,0,1,0
"490","Juprelle","62060","Gemeenteweg",0,0,0,0,1,0,1
"491","Juprelle","62060","Gewestweg",0,1,0,0,0,0,1
"492","Jurbeke","53044","Gemeenteweg",1,1,0,0,0,0,2
"493","Jurbeke","53044","Gewestweg",0,0,0,0,0,1,0
"494","Kalmthout","11022","Gewestweg",2,1,0,0,0,1,3
"495","Kampenhout","23038","Gewestweg",0,0,2,0,0,0,2
"496","Kapelle-op-den-Bos","23039","Gemeenteweg",0,1,0,0,0,0,1
"497","Kapellen (Antwerpen)","11023","Gemeenteweg",0,1,1,0,0,0,2
"498","Kapellen (Antwerpen)","11023","Gewestweg",1,0,0,1,0,1,2
"499","Kaprijke","43007","Gemeenteweg",0,0,1,0,0,0,1
"500","Kaprijke","43007","Gewestweg",0,0,0,0,1,2,1
"501","Kasteelbrakel","25015","Autosnelweg",1,2,0,0,0,0,3
"502","Kasteelbrakel","25015","Gemeenteweg",0,0,1,2,0,0,3
"503","Kasterlee","13017","Gemeenteweg",0,0,1,0,1,0,2
"504","Kasterlee","13017","Gewestweg",3,0,3,1,0,1,7
"505","Keerbergen","24048","Gemeenteweg",0,1,0,0,1,1,2
"506","Kelmis","63040","Gemeenteweg",1,0,0,0,0,0,1
"507","Kinrooi","72018","Gewestweg",1,0,1,1,2,3,5
"508","Kluisbergen","45060","Gemeenteweg",0,0,2,0,1,0,3
"509","Knokke-Heist","31043","Gemeenteweg",0,2,0,3,0,0,5
"510","Knokke-Heist","31043","Gewestweg",0,2,0,0,0,1,2
"511","Koekelberg","21011","Gemeenteweg",0,0,2,0,0,0,2
"512","Koksijde","38014","Gemeenteweg",0,1,0,0,0,0,1
"513","Koksijde","38014","Gewestweg",0,0,0,0,1,1,1
"514","Komen-Waasten","57097","Gemeenteweg",0,1,0,2,1,2,4
"515","Komen-Waasten","57097","Gewestweg",2,0,1,0,0,0,3
"516","Kontich","11024","Autosnelweg",0,0,0,0,1,0,1
"517","Kontich","11024","Gemeenteweg",0,0,0,0,1,0,1
"518","Kortemark","32011","Gemeenteweg",1,0,2,0,0,0,3
"519","Kortemark","32011","Gewestweg",0,1,1,0,0,0,2
"520","Kortenaken","24054","Gemeenteweg",0,0,1,0,0,0,1
"521","Kortenberg","24055","Autosnelweg",1,0,0,0,3,1,4
"522","Kortenberg","24055","Gemeenteweg",0,0,0,0,0,1,0
"523","Kortenberg","24055","Gewestweg",0,1,0,0,0,0,1
"524","Kortessem","73040","Gewestweg",0,0,1,0,0,0,1
"525","Kortrijk","34022","Autosnelweg",2,2,1,2,2,4,9
"526","Kortrijk","34022","Gemeenteweg",0,0,1,0,0,3,1
"527","Kortrijk","34022","Gewestweg",0,1,0,1,0,0,2
"528","Kraainem","23099","Autosnelweg",0,0,0,1,1,0,2
"529","Kraainem","23099","Gemeenteweg",0,0,1,0,0,0,1
"530","Kraainem","23099","Gewestweg",0,0,0,0,0,2,0
"531","Kruibeke","46013","Autosnelweg",0,0,1,1,1,1,3
"532","Kruibeke","46013","Gemeenteweg",0,0,0,1,0,1,1
"533","Kruibeke","46013","Gewestweg",1,0,0,1,0,1,2
"534","Kruisem","45068","Autosnelweg",1,1,0,0,0,0,2
"535","Kruisem","45068","Gemeenteweg",0,1,0,0,1,0,2
"536","Kruisem","45068","Gewestweg",0,2,1,0,3,1,6
"537","Kuurne","34023","Gemeenteweg",0,1,0,0,0,0,1
"538","Kuurne","34023","Gewestweg",0,1,0,0,1,0,2
"539","La Bruyère","92141","Autosnelweg",0,1,0,0,1,0,2
"540","La Bruyère","92141","Gemeenteweg",0,0,1,0,0,0,1
"541","La Bruyère","92141","Gewestweg",1,0,0,0,0,1,1
"542","La Louvière","58001","Autosnelweg",0,1,2,0,0,1,3
"543","La Louvière","58001","Gemeenteweg",3,0,3,0,1,0,7
"544","La Louvière","58001","Gewestweg",0,2,0,1,1,0,4
"545","La Roche-en-Ardenne","83031","Gemeenteweg",0,0,0,0,1,0,1
"546","La Roche-en-Ardenne","83031","Gewestweg",2,1,1,1,0,0,5
"547","Laakdal","13053","Autosnelweg",0,0,1,0,0,1,1
"548","Laakdal","13053","Gemeenteweg",0,0,1,0,0,0,1
"549","Laakdal","13053","Gewestweg",0,1,1,0,0,1,2
"550","Laarne","42010","Autosnelweg",1,0,0,0,0,0,1
"551","Laarne","42010","Gewestweg",0,0,0,0,1,0,1
"552","Lanaken","73042","Gemeenteweg",0,2,0,1,0,1,3
"553","Lanaken","73042","Gewestweg",0,2,1,0,1,1,4
"554","Landen","24059","Autosnelweg",0,0,1,1,1,0,3
"555","Landen","24059","Gemeenteweg",1,0,1,0,0,0,2
"556","Landen","24059","Gewestweg",0,0,0,0,0,1,0
"557","Langemark-Poelkapelle","33040","Gemeenteweg",0,1,1,1,0,0,3
"558","Le Roeulx","55035","Autosnelweg",1,0,3,0,0,0,4
"559","Le Roeulx","55035","Gemeenteweg",0,1,0,1,1,0,3
"560","Le Roeulx","55035","Gewestweg",0,0,1,0,0,0,1
"561","Lebbeke","42011","Gemeenteweg",1,0,0,0,0,0,1
"562","Lede","41034","Gewestweg",0,0,1,0,0,0,1
"563","Lendelede","34025","Gemeenteweg",1,0,0,0,0,0,1
"564","Lendelede","34025","Gewestweg",0,1,1,0,0,0,2
"565","Lennik","23104","Gemeenteweg",1,0,0,0,0,0,1
"566","Lennik","23104","Gewestweg",0,0,0,1,0,0,1
"567","Lens","53046","Gemeenteweg",0,0,1,0,0,0,1
"568","Lens","53046","Gewestweg",1,0,0,1,0,0,2
"569","Leopoldsburg","71034","Gewestweg",0,1,1,1,0,0,3
"570","Les Bons Villers","52075","Autosnelweg",0,1,0,0,0,0,1
"571","Les Bons Villers","52075","Gemeenteweg",0,0,0,0,1,0,1
"572","Lessen","51069","Gemeenteweg",0,1,0,0,0,0,1
"573","Lessen","51069","Gewestweg",1,1,0,0,0,0,2
"574","Leuven","24062","Autosnelweg",0,1,0,1,0,0,2
"575","Leuven","24062","Gemeenteweg",1,2,1,0,1,1,5
"576","Leuven","24062","Gewestweg",0,1,2,0,0,1,3
"577","Leuze-en-Hainaut","57094","Gemeenteweg",0,0,0,2,0,1,2
"578","Leuze-en-Hainaut","57094","Gewestweg",2,2,1,1,0,2,6
"579","Libin","84035","Autosnelweg",0,0,1,0,0,0,1
"580","Libin","84035","Gemeenteweg",0,0,1,0,1,0,2
"581","Libin","84035","Gewestweg",1,0,1,0,0,0,2
"582","Libramont-Chevigny","84077","Autosnelweg",1,0,2,0,1,0,4
"583","Libramont-Chevigny","84077","Gemeenteweg",0,1,1,0,0,0,2
"584","Libramont-Chevigny","84077","Gewestweg",0,2,1,2,1,0,6
"585","Lichtervelde","36011","Autosnelweg",1,0,0,0,0,0,1
"586","Lier","12021","Gemeenteweg",1,0,0,0,0,0,1
"587","Lier","12021","Gewestweg",1,1,0,1,2,0,5
"588","Lierde","45063","Gemeenteweg",0,0,0,0,1,0,1
"589","Lierde","45063","Gewestweg",0,1,0,0,1,0,2
"590","Lierneux","63045","Gewestweg",1,0,0,0,0,0,1
"591","Lievegem","44085","Gemeenteweg",1,0,0,0,1,0,2
"592","Lijsem","64047","Autosnelweg",0,1,0,0,0,0,1
"593","Lille","13019","Autosnelweg",0,0,0,0,0,1,0
"594","Lille","13019","Gemeenteweg",0,0,0,0,0,1,0
"595","Lille","13019","Gewestweg",1,0,0,1,1,1,3
"596","Limburg","63046","Autosnelweg",0,0,2,0,0,0,2
"597","Limburg","63046","Gewestweg",0,0,0,1,0,0,1
"598","Lobbes","56044","Gemeenteweg",0,0,2,0,1,0,3
"599","Lobbes","56044","Gewestweg",0,1,0,0,1,0,2
"600","Lochristi","44034","Autosnelweg",0,0,0,3,1,2,4
"601","Lochristi","44034","Gemeenteweg",0,1,0,0,0,0,1
"602","Lochristi","44034","Gewestweg",0,0,2,0,0,0,2
"603","Lokeren","46014","Autosnelweg",1,1,0,0,1,0,3
"604","Lokeren","46014","Gemeenteweg",1,1,0,3,0,1,5
"605","Lokeren","46014","Gewestweg",0,1,0,0,1,0,2
"606","Lommel","72020","Gemeenteweg",1,1,0,0,1,2,3
"607","Lommel","72020","Gewestweg",1,3,1,1,2,1,8
"608","Londerzeel","23045","Autosnelweg",0,0,1,0,0,0,1
"609","Londerzeel","23045","Gemeenteweg",0,0,1,0,0,1,1
"610","Lontzen","63048","Autosnelweg",0,0,1,0,0,0,1
"611","Lontzen","63048","Gemeenteweg",0,0,0,0,1,0,1
"612","Lubbeek","24066","Gewestweg",1,0,0,0,0,0,1
"613","Luik","62063","Autosnelweg",1,0,0,0,1,0,2
"614","Luik","62063","Gemeenteweg",4,2,2,4,1,3,13
"615","Luik","62063","Gewestweg",2,4,7,1,4,1,18
"616","Lummen","71037","Autosnelweg",1,0,0,0,0,1,1
"617","Lummen","71037","Gemeenteweg",0,0,1,0,0,0,1
"618","Lummen","71037","Gewestweg",0,2,0,0,1,0,3
"619","Léglise","84033","Gemeenteweg",0,0,0,0,0,1,0
"620","Maarkedal","45064","Gemeenteweg",0,0,0,1,0,0,1
"621","Maarkedal","45064","Gewestweg",0,0,0,0,0,2,0
"622","Maaseik","72021","Gemeenteweg",0,0,1,0,2,0,3
"623","Maaseik","72021","Gewestweg",2,0,4,0,1,1,7
"624","Maasmechelen","73107","Autosnelweg",0,1,1,0,0,0,2
"625","Maasmechelen","73107","Gemeenteweg",1,2,1,0,1,1,5
"626","Machelen (Halle-Vilvoorde)","23047","Autosnelweg",0,0,0,1,0,0,1
"627","Machelen (Halle-Vilvoorde)","23047","Gewestweg",1,1,0,0,0,0,2
"628","Maldegem","43010","Autosnelweg",0,0,0,0,1,1,1
"629","Maldegem","43010","Gemeenteweg",1,2,1,1,1,0,6
"630","Maldegem","43010","Gewestweg",1,2,2,1,1,0,7
"631","Malle","11057","Gewestweg",2,0,1,0,0,1,3
"632","Malmedy","63049","Gemeenteweg",0,0,1,1,1,0,3
"633","Malmedy","63049","Gewestweg",1,0,2,0,3,0,6
"634","Manage","55086","Autosnelweg",0,1,0,0,1,0,2
"635","Manage","55086","Gemeenteweg",0,0,1,0,0,1,1
"636","Manage","55086","Gewestweg",0,0,0,2,0,0,2
"637","Manhay","83055","Autosnelweg",0,0,1,1,0,1,2
"638","Manhay","83055","Gewestweg",1,0,1,0,0,0,2
"639","Marche-en-Famenne","83034","Gewestweg",2,1,2,2,0,1,7
"640","Marchin","61039","Gemeenteweg",0,0,1,0,0,0,1
"641","Martelange","81013","Gemeenteweg",0,0,0,0,1,0,1
"642","Martelange","81013","Gewestweg",0,0,2,0,0,0,2
"643","Mechelen","12025","Autosnelweg",0,1,1,0,0,0,2
"644","Mechelen","12025","Gemeenteweg",0,0,1,0,1,0,2
"645","Mechelen","12025","Gewestweg",2,0,1,0,0,3,3
"646","Meerhout","13021","Gemeenteweg",2,1,0,0,0,1,3
"647","Meerhout","13021","Gewestweg",0,0,0,0,1,0,1
"648","Meise","23050","Autosnelweg",1,1,1,0,0,0,3
"649","Meise","23050","Gemeenteweg",0,2,0,0,0,0,2
"650","Meise","23050","Gewestweg",0,0,1,0,1,0,2
"651","Meix-devant-Virton","85024","Gemeenteweg",0,0,0,0,1,0,1
"652","Meix-devant-Virton","85024","Gewestweg",1,0,0,0,0,0,1
"653","Melle","44040","Autosnelweg",0,0,1,0,0,1,1
"654","Menen","34027","Autosnelweg",0,1,1,0,0,0,2
"655","Menen","34027","Gemeenteweg",0,0,1,0,0,1,1
"656","Menen","34027","Gewestweg",2,1,0,1,1,0,5
"657","Merbes-le-Château","56049","Gemeenteweg",0,0,1,0,0,0,1
"658","Merbes-le-Château","56049","Gewestweg",0,0,1,0,0,0,1
"659","Merchtem","23052","Gemeenteweg",0,0,0,1,0,1,1
"660","Merchtem","23052","Gewestweg",0,0,0,0,1,0,1
"661","Merelbeke","44043","Gewestweg",1,0,0,0,0,0,1
"662","Merksplas","13023","Gemeenteweg",0,0,1,0,0,0,1
"663","Messancy","81015","Autosnelweg",0,0,0,1,0,0,1
"664","Messancy","81015","Gemeenteweg",1,0,0,0,0,1,1
"665","Messancy","81015","Gewestweg",0,1,1,0,0,0,2
"666","Mettet","92087","Gemeenteweg",1,0,0,0,0,0,1
"667","Mettet","92087","Gewestweg",2,1,1,2,1,2,7
"668","Meulebeke","37007","Gemeenteweg",0,1,0,0,1,0,2
"669","Meulebeke","37007","Gewestweg",1,1,0,0,0,0,2
"670","Middelkerke","35011","Autosnelweg",1,2,1,0,0,0,4
"671","Middelkerke","35011","Gemeenteweg",1,0,0,1,1,2,3
"672","Middelkerke","35011","Gewestweg",0,1,3,0,3,2,7
"673","Modave","61041","Gemeenteweg",0,1,0,0,0,0,1
"674","Modave","61041","Gewestweg",0,0,0,1,1,1,2
"675","Moerbeke (Gent)","44045","Autosnelweg",0,0,0,0,0,1,0
"676","Moeskroen","57096","Autosnelweg",0,1,1,0,0,0,2
"677","Moeskroen","57096","Gemeenteweg",2,1,2,0,1,2,6
"678","Moeskroen","57096","Gewestweg",0,0,3,0,0,1,3
"679","Mol","13025","Autosnelweg",0,0,0,1,0,0,1
"680","Mol","13025","Gemeenteweg",1,1,0,1,1,0,4
"681","Mol","13025","Gewestweg",2,2,2,3,1,1,10
"682","Momignies","56051","Gewestweg",0,0,0,2,1,0,3
"683","Mont-Saint-Guibert","25068","Gewestweg",1,0,0,1,0,0,2
"684","Mont-de-l’Enclus","57095","Gewestweg",0,2,1,0,0,1,3
"685","Montigny-le-Tilleul","52048","Gewestweg",0,1,0,0,0,0,1
"686","Moorslede","36012","Gemeenteweg",1,1,0,0,0,0,2
"687","Mortsel","11029","Gemeenteweg",0,1,0,0,0,0,1
"688","Mortsel","11029","Gewestweg",1,0,1,0,0,0,2
"689","Musson","85026","Gewestweg",0,0,1,0,0,1,1
"690","Namen","92094","Autosnelweg",1,1,1,2,2,0,7
"691","Namen","92094","Gemeenteweg",0,3,3,0,3,0,9
"692","Namen","92094","Gewestweg",7,5,2,4,1,4,19
"693","Nassogne","83040","Gemeenteweg",0,1,0,0,0,0,1
"694","Nassogne","83040","Gewestweg",0,0,1,1,0,0,2
"695","Nazareth","44048","Autosnelweg",1,1,0,1,0,0,3
"696","Nazareth","44048","Gemeenteweg",0,0,0,0,0,1,0
"697","Nazareth","44048","Gewestweg",1,1,0,1,0,1,3
"698","Neufchâteau (Neufchâteau)","84043","Autosnelweg",0,0,0,0,1,0,1
"699","Neufchâteau (Neufchâteau)","84043","Gemeenteweg",0,1,0,0,1,0,2
"700","Neufchâteau (Neufchâteau)","84043","Gewestweg",1,2,1,1,0,1,5
"701","Neupré","62121","Gewestweg",0,0,0,0,0,1,0
"702","Nieuwpoort","38016","Autosnelweg",1,0,0,0,0,0,1
"703","Nieuwpoort","38016","Gewestweg",0,0,0,0,0,1,0
"704","Nijlen","12026","Gewestweg",0,0,0,0,1,1,1
"705","Nijlen","12026","onbekend",0,0,0,0,0,1,0
"706","Nijvel","25072","Autosnelweg",0,0,1,0,0,1,1
"707","Nijvel","25072","Gewestweg",0,1,1,0,2,0,4
"708","Ninove","41048","Gemeenteweg",4,0,3,2,1,0,10
"709","Ninove","41048","Gewestweg",1,0,0,1,0,0,2
"710","Oerle","64056","Gewestweg",0,1,0,1,0,0,2
"711","Ohey","92097","Gewestweg",0,2,0,1,0,0,3
"712","Olen","13029","Autosnelweg",0,0,0,1,0,0,1
"713","Olen","13029","Gemeenteweg",0,0,1,0,0,1,1
"714","Olne","63057","Gemeenteweg",0,0,0,0,2,0,2
"715","Oostende","35013","Autosnelweg",0,0,0,0,1,0,1
"716","Oostende","35013","Gemeenteweg",1,2,0,2,0,0,5
"717","Oostende","35013","Gewestweg",1,1,2,3,3,1,10
"718","Oosterzele","44052","Gemeenteweg",0,0,0,1,0,0,1
"719","Oosterzele","44052","Gewestweg",0,1,0,1,0,0,2
"720","Oostkamp","31022","Autosnelweg",0,2,1,1,0,0,4
"721","Oostkamp","31022","Gemeenteweg",0,1,0,0,0,0,1
"722","Oostkamp","31022","Gewestweg",0,2,0,1,0,0,3
"723","Oostrozebeke","37010","Gemeenteweg",0,0,1,0,0,1,1
"724","Oostrozebeke","37010","Gewestweg",1,0,0,0,0,0,1
"725","Opwijk","23060","Gemeenteweg",1,0,0,0,0,0,1
"726","Opwijk","23060","Gewestweg",0,0,0,1,1,0,2
"727","Opzullik","51068","Autosnelweg",0,0,1,0,0,0,1
"728","Opzullik","51068","Gewestweg",1,0,1,0,1,0,3
"729","Orp-Jauche","25120","Gemeenteweg",0,1,0,0,1,0,2
"730","Ottignies-Louvain-la-Neuve","25121","Autosnelweg",0,2,0,0,0,0,2
"731","Oud-Heverlee","24086","Gemeenteweg",0,0,0,0,1,0,1
"732","Oud-Turnhout","13031","Autosnelweg",2,0,0,0,0,0,2
"733","Oud-Turnhout","13031","Gewestweg",0,0,0,1,0,0,1
"734","Oudenaarde","45035","Gemeenteweg",0,2,2,0,1,0,5
"735","Oudenaarde","45035","Gewestweg",2,1,2,0,2,2,7
"736","Oudenburg","35014","Autosnelweg",0,1,0,0,0,0,1
"737","Oudenburg","35014","Gemeenteweg",0,0,1,0,0,1,1
"738","Oudenburg","35014","Gewestweg",0,1,0,1,0,0,2
"739","Oudergem","21002","Autosnelweg",0,0,0,0,1,1,1
"740","Oudergem","21002","Gewestweg",0,0,0,0,1,0,1
"741","Oudsbergen","72042","Gemeenteweg",1,2,1,0,0,2,4
"742","Oudsbergen","72042","Gewestweg",0,1,2,0,0,1,3
"743","Ouffet","61048","Gewestweg",0,0,0,2,0,0,2
"744","Oupeye","62079","Gemeenteweg",0,0,1,0,0,0,1
"745","Oupeye","62079","Gewestweg",0,1,0,1,0,2,2
"746","Overijse","23062","Gemeenteweg",1,0,0,0,0,0,1
"747","Overijse","23062","Gewestweg",0,1,0,0,0,1,1
"748","Paliseul","84050","Gemeenteweg",0,0,0,1,0,0,1
"749","Paliseul","84050","Gewestweg",0,0,0,1,1,0,2
"750","Pecq","57062","Gemeenteweg",1,0,0,0,0,0,1
"751","Pecq","57062","Gewestweg",0,0,1,0,0,0,1
"752","Peer","72030","Gewestweg",1,1,0,1,0,1,3
"753","Pelt","72043","Gemeenteweg",0,1,1,1,2,2,5
"754","Pelt","72043","Gewestweg",0,2,2,2,4,1,10
"755","Pepingen","23064","Gemeenteweg",0,0,0,1,0,0,1
"756","Pepingen","23064","Gewestweg",0,1,0,0,0,1,1
"757","Pepinster","63058","Gewestweg",2,0,0,0,0,0,2
"758","Perwijs (Nijvel)","25084","Autosnelweg",0,1,0,1,0,0,2
"759","Perwijs (Nijvel)","25084","Gemeenteweg",0,0,0,1,0,0,1
"760","Perwijs (Nijvel)","25084","Gewestweg",0,0,2,0,0,0,2
"761","Philippeville","93056","Gemeenteweg",0,1,0,0,0,0,1
"762","Philippeville","93056","Gewestweg",2,1,3,1,3,2,10
"763","Pittem","37011","Gewestweg",0,0,0,0,0,1,0
"764","Plombières","63088","Gewestweg",1,0,1,1,0,0,3
"765","Pont-à-Celles","52055","Autosnelweg",2,0,1,1,0,0,4
"766","Pont-à-Celles","52055","Gemeenteweg",0,0,0,1,1,0,2
"767","Poperinge","33021","Gemeenteweg",0,0,0,1,0,0,1
"768","Poperinge","33021","Gewestweg",1,1,0,0,0,0,2
"769","Profondeville","92101","Gewestweg",2,0,1,2,2,0,7
"770","Putte","12029","Gemeenteweg",1,0,0,1,0,2,2
"771","Putte","12029","Gewestweg",1,0,0,0,0,0,1
"772","Puurs-Sint-Amands","12041","Autosnelweg",0,1,0,0,1,0,2
"773","Puurs-Sint-Amands","12041","Gemeenteweg",0,0,1,0,0,0,1
"774","Puurs-Sint-Amands","12041","Gewestweg",1,1,0,1,0,2,3
"775","Péruwelz","57064","Autosnelweg",0,0,1,0,0,0,1
"776","Péruwelz","57064","Gemeenteweg",1,1,0,0,0,0,2
"777","Péruwelz","57064","Gewestweg",0,0,1,0,0,1,1
"778","Quaregnon","53065","Gewestweg",1,0,1,0,0,0,2
"779","Quiévrain","53068","Gemeenteweg",0,0,0,1,0,1,1
"780","Quiévrain","53068","Gewestweg",1,0,0,1,0,1,2
"781","Quévy","53084","Gewestweg",1,5,3,1,1,0,11
"782","Raeren","63061","Autosnelweg",0,0,0,2,0,1,2
"783","Ramillies","25122","Gemeenteweg",0,0,1,0,0,0,1
"784","Ranst","11035","Autosnelweg",0,1,4,0,1,0,6
"785","Ranst","11035","Gemeenteweg",0,0,1,0,1,1,2
"786","Ranst","11035","Gewestweg",0,1,0,0,0,0,1
"787","Ravels","13035","Gemeenteweg",0,0,1,0,0,0,1
"788","Ravels","13035","Gewestweg",3,0,0,0,1,0,4
"789","Rebecq","25123","Autosnelweg",0,0,0,1,0,0,1
"790","Rebecq","25123","Gemeenteweg",0,0,0,0,1,0,1
"791","Rebecq","25123","Gewestweg",0,1,0,0,0,1,1
"792","Remicourt","64063","Autosnelweg",0,1,0,0,0,0,1
"793","Rendeux","83044","Gewestweg",1,0,0,0,0,0,1
"794","Retie","13036","Gewestweg",0,0,1,2,2,0,5
"795","Riemst","73066","Gemeenteweg",0,1,0,0,0,0,1
"796","Riemst","73066","Gewestweg",1,1,0,1,0,0,3
"797","Rijkevorsel","13037","Gemeenteweg",1,0,0,0,0,0,1
"798","Rijkevorsel","13037","Gewestweg",0,1,0,0,0,0,1
"799","Rixensart","25091","Gemeenteweg",0,0,0,1,1,0,2
"800","Rochefort","91114","Autosnelweg",1,0,2,0,0,0,3
"801","Rochefort","91114","Gewestweg",1,0,1,0,2,0,4
"802","Roeselare","36015","Autosnelweg",1,0,0,0,0,1,1
"803","Roeselare","36015","Gemeenteweg",1,0,1,0,1,0,3
"804","Roeselare","36015","Gewestweg",0,2,0,3,2,4,7
"805","Ronse","45041","Gemeenteweg",1,0,0,0,0,0,1
"806","Ronse","45041","Gewestweg",0,0,0,1,0,0,1
"807","Roosdaal","23097","Gemeenteweg",0,0,1,0,0,1,1
"808","Roosdaal","23097","Gewestweg",0,0,1,0,0,0,1
"809","Rotselaar","24094","Autosnelweg",0,0,1,0,0,0,1
"810","Rotselaar","24094","Gemeenteweg",1,0,1,0,0,0,2
"811","Rotselaar","24094","Gewestweg",0,0,1,0,0,0,1
"812","Rouvroy","85047","Gewestweg",1,0,0,1,0,0,2
"813","Rumes","57072","Gewestweg",0,0,1,0,0,0,1
"814","Rumst","11037","Autosnelweg",0,0,1,0,1,0,2
"815","Rumst","11037","Gemeenteweg",0,0,0,1,1,0,2
"816","Rumst","11037","Gewestweg",2,0,0,1,0,0,3
"817","Saint-Georges-sur-Meuse","64065","Gemeenteweg",0,0,0,0,1,0,1
"818","Saint-Ghislain","53070","Autosnelweg",1,1,0,0,0,0,2
"819","Saint-Ghislain","53070","Gemeenteweg",0,0,2,0,0,0,2
"820","Saint-Ghislain","53070","Gewestweg",2,1,2,0,1,0,6
"821","Saint-Ghislain","53070","onbekend",0,1,0,0,0,0,1
"822","Saint-Hubert","84059","Gewestweg",1,0,1,0,0,1,2
"823","Saint-Nicolas (Luik)","62093","Gemeenteweg",0,2,2,0,0,1,4
"824","Saint-Nicolas (Luik)","62093","Gewestweg",0,1,0,0,0,0,1
"825","Sainte-Ode","82038","Gemeenteweg",0,1,0,0,0,0,1
"826","Sambreville","92137","Autosnelweg",0,2,0,0,0,0,2
"827","Sambreville","92137","Gemeenteweg",0,0,1,0,2,0,3
"828","Sambreville","92137","Gewestweg",0,1,0,0,1,1,2
"829","Sankt Vith","63067","Gemeenteweg",0,1,0,0,0,1,1
"830","Sankt Vith","63067","Gewestweg",0,3,3,0,0,0,6
"831","Schaarbeek","21015","Gemeenteweg",1,2,1,0,0,0,4
"832","Schaarbeek","21015","Gewestweg",2,1,0,0,2,1,5
"833","Schelle","11038","Gewestweg",0,0,0,0,0,1,0
"834","Scherpenheuvel-Zichem","24134","Gemeenteweg",0,2,1,0,0,2,3
"835","Scherpenheuvel-Zichem","24134","Gewestweg",1,0,0,0,0,1,1
"836","Schilde","11039","Gemeenteweg",0,0,0,1,0,1,1
"837","Schilde","11039","Gewestweg",1,1,0,0,1,0,3
"838","Schoten","11040","Autosnelweg",0,0,0,0,1,0,1
"839","Schoten","11040","Gemeenteweg",1,1,1,1,1,2,5
"840","Schoten","11040","Gewestweg",0,1,1,0,0,0,2
"841","Seneffe","55085","Autosnelweg",1,0,0,3,0,3,4
"842","Seneffe","55085","Gemeenteweg",1,0,0,0,0,1,1
"843","Seneffe","55085","Gewestweg",0,0,0,1,0,0,1
"844","Seraing","62096","Autosnelweg",0,1,0,0,0,0,1
"845","Seraing","62096","Gemeenteweg",0,1,0,0,2,1,3
"846","Seraing","62096","Gewestweg",0,2,0,1,3,0,6
"847","Sint-Agatha-Berchem","21003","Gewestweg",1,0,0,0,0,0,1
"848","Sint-Genesius-Rode","23101","Gemeenteweg",1,0,0,1,0,0,2
"849","Sint-Genesius-Rode","23101","Gewestweg",0,0,1,0,0,0,1
"850","Sint-Gillis","21013","Gemeenteweg",0,1,0,0,0,0,1
"851","Sint-Gillis","21013","Gewestweg",1,0,1,0,0,1,2
"852","Sint-Gillis-Waas","46020","Autosnelweg",0,0,0,0,1,0,1
"853","Sint-Gillis-Waas","46020","Gemeenteweg",1,1,1,0,0,2,3
"854","Sint-Gillis-Waas","46020","Gewestweg",1,0,0,0,0,0,1
"855","Sint-Jans-Molenbeek","21012","Gewestweg",0,1,1,0,3,1,5
"856","Sint-Joost-ten-Node","21014","Gemeenteweg",0,1,0,0,0,0,1
"857","Sint-Katelijne-Waver","12035","Gemeenteweg",0,0,0,0,2,1,2
"858","Sint-Katelijne-Waver","12035","Gewestweg",1,0,1,0,0,0,2
"859","Sint-Lambrechts-Woluwe","21018","Autosnelweg",0,0,0,0,1,0,1
"860","Sint-Lambrechts-Woluwe","21018","Gemeenteweg",2,0,0,0,0,0,2
"861","Sint-Laureins","43014","Gemeenteweg",1,1,0,0,0,0,2
"862","Sint-Lievens-Houtem","41063","Gewestweg",0,0,1,0,0,0,1
"863","Sint-Martens-Latem","44064","Gemeenteweg",1,0,0,0,0,0,1
"864","Sint-Martens-Latem","44064","Gewestweg",2,0,1,0,0,0,3
"865","Sint-Niklaas (Sint-Niklaas)","46021","Autosnelweg",1,0,0,0,0,0,1
"866","Sint-Niklaas (Sint-Niklaas)","46021","Gemeenteweg",0,3,1,2,1,1,7
"867","Sint-Niklaas (Sint-Niklaas)","46021","Gewestweg",0,1,1,1,3,1,6
"868","Sint-Pieters-Leeuw","23077","Autosnelweg",0,2,0,0,1,0,3
"869","Sint-Pieters-Leeuw","23077","Gemeenteweg",2,0,1,0,1,0,4
"870","Sint-Pieters-Leeuw","23077","Gewestweg",0,0,0,0,0,1,0
"871","Sint-Pieters-Woluwe","21019","Gemeenteweg",0,0,0,0,1,0,1
"872","Sint-Pieters-Woluwe","21019","Gewestweg",0,1,0,2,0,0,3
"873","Sint-Truiden","71053","Gemeenteweg",0,1,1,1,2,2,5
"874","Sint-Truiden","71053","Gewestweg",2,4,3,3,1,3,13
"875","Sivry-Rance","56088","Gemeenteweg",0,0,0,0,0,1,0
"876","Sombreffe","92114","Autosnelweg",1,0,0,0,0,0,1
"877","Sombreffe","92114","Gemeenteweg",0,0,0,1,0,0,1
"878","Sombreffe","92114","Gewestweg",1,0,1,0,1,1,3
"879","Somme-Leuze","91120","Gewestweg",0,0,1,0,2,3,3
"880","Soumagne","62099","Autosnelweg",1,0,1,0,1,0,3
"881","Soumagne","62099","Gemeenteweg",0,0,1,0,0,0,1
"882","Soumagne","62099","Gewestweg",0,0,0,0,1,1,1
"883","Spa","63072","Gemeenteweg",2,0,0,0,0,0,2
"884","Spa","63072","Gewestweg",0,1,0,0,1,0,2
"885","Spiere-Helkijn","34043","Gewestweg",1,0,2,0,0,1,3
"886","Sprimont","62100","Autosnelweg",0,0,0,0,1,0,1
"887","Sprimont","62100","Gemeenteweg",0,0,0,0,0,1,0
"888","Sprimont","62100","Gewestweg",3,2,1,0,2,1,8
"889","Stabroek","11044","Autosnelweg",0,0,2,0,1,0,3
"890","Stabroek","11044","Gemeenteweg",0,0,0,2,0,0,2
"891","Staden","36019","Gemeenteweg",0,0,1,0,1,0,2
"892","Staden","36019","Gewestweg",2,0,0,0,0,0,2
"893","Stavelot","63073","Autosnelweg",2,0,0,0,0,0,2
"894","Stavelot","63073","Gemeenteweg",0,0,0,0,1,0,1
"895","Stavelot","63073","Gewestweg",2,1,0,0,0,0,3
"896","Stavelot","63073","onbekend",0,0,1,0,0,0,1
"897","Steenokkerzeel","23081","Gewestweg",1,0,0,0,0,1,1
"898","Stekene","46024","Autosnelweg",0,1,1,0,0,0,2
"899","Stekene","46024","Gemeenteweg",0,0,0,1,1,0,2
"900","Stekene","46024","Gewestweg",0,1,0,0,1,0,2
"901","Stoumont","63075","Gemeenteweg",0,1,1,0,0,1,2
"902","Stoumont","63075","Gewestweg",1,1,1,0,0,1,3
"903","Tellin","84068","Autosnelweg",0,0,1,0,0,0,1
"904","Tellin","84068","Gewestweg",1,0,0,0,1,0,2
"905","Temse","46025","Autosnelweg",0,1,0,2,0,1,3
"906","Temse","46025","Gemeenteweg",1,0,2,0,1,0,4
"907","Tenneville","83049","Gewestweg",1,1,0,2,0,0,4
"908","Terhulpen","25050","Gewestweg",0,0,0,2,0,1,2
"909","Ternat","23086","Autosnelweg",0,0,0,1,0,0,1
"910","Ternat","23086","Gewestweg",1,0,0,0,0,0,1
"911","Tervuren","24104","Autosnelweg",0,0,0,0,1,0,1
"912","Tessenderlo","71057","Autosnelweg",0,1,0,0,0,0,1
"913","Tessenderlo","71057","Gemeenteweg",0,0,0,0,1,1,1
"914","Tessenderlo","71057","Gewestweg",1,1,1,0,0,0,3
"915","Theux","63076","Autosnelweg",1,0,0,0,0,0,1
"916","Theux","63076","Gemeenteweg",1,0,0,0,1,0,2
"917","Theux","63076","Gewestweg",1,0,1,1,0,0,3
"918","Thimister-Clermont","63089","Gewestweg",1,2,0,1,0,1,4
"919","Thuin","56078","Gewestweg",1,1,3,0,1,1,6
"920","Tielt (Tielt)","37015","Gemeenteweg",0,0,0,0,1,0,1
"921","Tielt (Tielt)","37015","Gewestweg",0,4,2,0,0,1,6
"922","Tielt-Winge","24135","Autosnelweg",0,0,0,0,2,0,2
"923","Tielt-Winge","24135","Gewestweg",0,0,1,0,1,1,2
"924","Tienen","24107","Autosnelweg",0,0,0,0,0,2,0
"925","Tienen","24107","Gemeenteweg",0,0,0,0,0,1,0
"926","Tienen","24107","Gewestweg",1,0,0,1,2,0,4
"927","Tinlot","61081","Gewestweg",0,0,0,0,0,1,0
"928","Tintigny","85039","Gewestweg",0,0,0,0,2,0,2
"929","Tongeren","73083","Autosnelweg",0,0,0,0,0,1,0
"930","Tongeren","73083","Gemeenteweg",1,0,1,0,0,0,2
"931","Tongeren","73083","Gewestweg",0,0,0,2,2,1,4
"932","Torhout","31033","Autosnelweg",0,0,1,0,1,0,2
"933","Torhout","31033","Gemeenteweg",0,1,0,0,0,1,1
"934","Torhout","31033","Gewestweg",0,1,0,0,1,1,2
"935","Trois-Ponts","63086","Gemeenteweg",0,1,0,0,0,0,1
"936","Trooz","62122","Gewestweg",1,0,0,0,0,0,1
"937","Tubeke","25105","Gemeenteweg",0,0,0,0,1,0,1
"938","Tubeke","25105","Gewestweg",1,0,1,1,0,0,3
"939","Turnhout","13040","Autosnelweg",1,0,0,0,0,0,1
"940","Turnhout","13040","Gemeenteweg",1,0,1,0,0,0,2
"941","Turnhout","13040","Gewestweg",1,1,0,0,1,2,3
"942","Ukkel","21016","Gemeenteweg",1,0,0,0,0,0,1
"943","Ukkel","21016","Gewestweg",1,0,0,0,1,0,2
"944","Vaux-sur-Sûre","82036","Autosnelweg",0,1,1,0,0,0,2
"945","Vaux-sur-Sûre","82036","Gewestweg",2,0,0,0,0,0,2
"946","Verviers","63079","Autosnelweg",1,0,0,0,0,0,1
"947","Verviers","63079","Gemeenteweg",1,0,0,0,1,1,2
"948","Verviers","63079","Gewestweg",1,1,1,1,1,1,5
"949","Veurne","38025","Autosnelweg",0,1,0,0,0,0,1
"950","Veurne","38025","Gemeenteweg",1,0,0,1,0,0,2
"951","Veurne","38025","Gewestweg",1,0,1,0,1,1,3
"952","Vielsalm","82032","Autosnelweg",0,0,0,0,0,1,0
"953","Vielsalm","82032","Gemeenteweg",0,1,1,0,0,0,2
"954","Vielsalm","82032","Gewestweg",2,1,0,0,0,2,3
"955","Villers-Le-Bouillet","61068","Autosnelweg",0,0,0,1,0,0,1
"956","Villers-Le-Bouillet","61068","Gewestweg",3,0,0,0,0,0,3
"957","Villers-la-Ville","25107","Gemeenteweg",0,1,0,0,1,0,2
"958","Villers-la-Ville","25107","Gewestweg",0,2,0,0,0,0,2
"959","Vilvoorde","23088","Autosnelweg",1,0,0,0,0,0,1
"960","Vilvoorde","23088","Gemeenteweg",0,0,0,1,0,0,1
"961","Vilvoorde","23088","Gewestweg",0,0,0,1,0,1,1
"962","Viroinval","93090","Gemeenteweg",1,0,0,0,0,0,1
"963","Viroinval","93090","Gewestweg",1,0,1,0,1,0,3
"964","Virton","85045","Gemeenteweg",1,1,0,0,0,0,2
"965","Virton","85045","Gewestweg",1,2,1,1,0,0,5
"966","Vleteren","33041","Gewestweg",0,1,0,0,2,0,3
"967","Vloesberg","51019","Gemeenteweg",0,0,0,0,1,0,1
"968","Voeren","73109","Gemeenteweg",1,0,0,0,0,0,1
"969","Vorselaar","13044","Autosnelweg",0,0,0,1,0,0,1
"970","Vorselaar","13044","Gemeenteweg",0,0,1,0,0,1,1
"971","Vorst (Brussel-Hoofdstad)","21007","Autosnelweg",1,0,0,0,0,0,1
"972","Vorst (Brussel-Hoofdstad)","21007","Gewestweg",0,0,1,0,0,1,1
"973","Vosselaar","13046","Gemeenteweg",2,0,0,0,0,0,2
"974","Vosselaar","13046","Gewestweg",0,0,1,0,0,0,1
"975","Vresse-sur-Semois","91143","Gewestweg",1,0,1,0,1,0,3
"976","Waasmunster","42023","Autosnelweg",1,0,3,0,1,0,5
"977","Wachtebeke","44073","Autosnelweg",0,1,0,0,0,0,1
"978","Wachtebeke","44073","Gewestweg",0,2,1,0,0,0,3
"979","Walcourt","93088","Gemeenteweg",0,0,0,0,1,0,1
"980","Walcourt","93088","Gewestweg",1,4,1,0,2,2,8
"981","Walhain","25124","Autosnelweg",0,0,0,1,0,0,1
"982","Walhain","25124","Gemeenteweg",0,0,0,0,0,1,0
"983","Walhain","25124","Gewestweg",0,1,0,0,0,1,1
"984","Wanze","61072","Autosnelweg",1,0,0,1,0,0,2
"985","Wanze","61072","Gemeenteweg",0,0,1,1,1,0,3
"986","Wanze","61072","Gewestweg",0,0,0,0,0,2,0
"987","Waregem","34040","Autosnelweg",0,0,0,0,1,0,1
"988","Waregem","34040","Gemeenteweg",1,1,2,0,0,1,4
"989","Waregem","34040","Gewestweg",1,0,2,0,0,1,3
"990","Wasseiges","64075","Gewestweg",0,1,0,0,1,0,2
"991","Waterloo","25110","Autosnelweg",0,0,2,0,1,0,3
"992","Waterloo","25110","Gewestweg",2,0,0,1,0,0,3
"993","Waver","25112","Autosnelweg",0,0,0,0,0,1,0
"994","Waver","25112","Gemeenteweg",1,0,1,0,0,0,2
"995","Waver","25112","Gewestweg",1,2,1,0,1,1,5
"996","Weismes","63080","Gemeenteweg",0,0,1,0,0,0,1
"997","Weismes","63080","Gewestweg",1,0,0,2,0,1,3
"998","Welkenraedt","63084","Autosnelweg",0,0,0,0,0,1,0
"999","Welkenraedt","63084","Gemeenteweg",0,0,1,0,0,0,1
"1000","Welkenraedt","63084","Gewestweg",0,0,1,0,0,0,1
"1001","Wellen","73098","Gemeenteweg",0,0,1,0,0,0,1
"1002","Wellen","73098","Gewestweg",0,1,0,0,0,1,1
"1003","Wellin","84075","Autosnelweg",0,1,0,0,0,0,1
"1004","Wemmel","23102","Autosnelweg",0,1,0,0,1,0,2
"1005","Wemmel","23102","Gemeenteweg",0,1,1,0,1,0,3
"1006","Wervik","33029","Autosnelweg",0,0,1,0,1,0,2
"1007","Wervik","33029","Gemeenteweg",0,1,0,1,1,0,3
"1008","Wervik","33029","Gewestweg",2,1,0,0,1,0,4
"1009","Westerlo","13049","Autosnelweg",1,0,0,0,0,0,1
"1010","Westerlo","13049","Gemeenteweg",1,1,1,0,1,1,4
"1011","Westerlo","13049","Gewestweg",1,0,0,1,0,0,2
"1012","Wetteren","42025","Autosnelweg",0,0,0,0,0,1,0
"1013","Wetteren","42025","Gemeenteweg",0,0,1,1,0,0,2
"1014","Wetteren","42025","Gewestweg",1,0,0,0,0,0,1
"1015","Wevelgem","34041","Autosnelweg",1,0,1,0,0,1,2
"1016","Wevelgem","34041","Gemeenteweg",2,1,0,1,0,0,4
"1017","Wevelgem","34041","Gewestweg",0,2,0,0,0,0,2
"1018","Wezembeek-Oppem","23103","Gewestweg",2,0,0,0,0,0,2
"1019","Wezet","62108","Autosnelweg",2,1,2,1,0,0,6
"1020","Wezet","62108","Gewestweg",0,0,0,1,0,0,1
"1021","Wichelen","42026","Gemeenteweg",1,0,0,0,0,0,1
"1022","Wichelen","42026","Gewestweg",0,0,1,0,1,0,2
"1023","Wielsbeke","37017","Gemeenteweg",0,0,1,1,1,0,3
"1024","Wielsbeke","37017","Gewestweg",0,0,0,1,0,0,1
"1025","Wijnegem","11050","Gemeenteweg",1,0,0,0,1,0,2
"1026","Wijnegem","11050","Gewestweg",1,0,1,0,0,0,2
"1027","Willebroek","12040","Autosnelweg",0,0,1,0,0,0,1
"1028","Willebroek","12040","Gemeenteweg",0,1,3,1,0,0,5
"1029","Wingene","37018","Gemeenteweg",0,0,0,1,0,0,1
"1030","Wommelgem","11052","Gemeenteweg",0,2,0,1,0,0,3
"1031","Wortegem-Petegem","45061","Gemeenteweg",0,0,0,0,0,1,0
"1032","Wortegem-Petegem","45061","Gewestweg",0,1,0,0,0,0,1
"1033","Wuustwezel","11053","Gemeenteweg",0,0,1,0,0,2,1
"1034","Yvoir","91141","Gewestweg",0,0,0,1,0,0,1
"1035","Zandhoven","11054","Autosnelweg",1,1,1,0,0,1,3
"1036","Zandhoven","11054","Gemeenteweg",0,0,0,2,0,0,2
"1037","Zandhoven","11054","Gewestweg",3,0,0,0,0,0,3
"1038","Zaventem","23094","Autosnelweg",1,0,2,0,0,2,3
"1039","Zaventem","23094","Gemeenteweg",1,0,0,0,1,0,2
"1040","Zaventem","23094","Gewestweg",1,0,3,1,0,0,5
"1041","Zedelgem","31040","Autosnelweg",0,0,0,0,0,1,0
"1042","Zedelgem","31040","Gemeenteweg",0,0,0,0,1,0,1
"1043","Zedelgem","31040","Gewestweg",0,3,0,1,3,0,7
"1044","Zele","42028","Autosnelweg",1,0,0,0,0,0,1
"1045","Zele","42028","Gemeenteweg",1,2,0,1,0,0,4
"1046","Zele","42028","Gewestweg",0,0,0,0,1,1,1
"1047","Zelzate","43018","Autosnelweg",0,0,2,0,0,0,2
"1048","Zelzate","43018","Gewestweg",0,1,0,0,0,0,1
"1049","Zemst","23096","Gewestweg",1,0,0,0,0,0,1
"1050","Zinnik","55040","Gemeenteweg",1,1,0,0,0,0,2
"1051","Zinnik","55040","Gewestweg",2,1,0,2,1,0,6
"1052","Zinnik","55040","onbekend",1,0,0,0,0,0,1
"1053","Zoersel","11055","Gewestweg",1,0,1,0,1,0,3
"1054","Zonhoven","71066","Autosnelweg",0,0,0,2,0,0,2
"1055","Zonhoven","71066","Gemeenteweg",0,0,0,1,0,1,1
"1056","Zonhoven","71066","Gewestweg",0,2,1,1,1,1,5
"1057","Zonnebeke","33037","Gemeenteweg",0,0,2,0,1,1,3
"1058","Zonnebeke","33037","Gewestweg",1,0,0,0,0,0,1
"1059","Zottegem","41081","Gemeenteweg",0,1,1,2,0,0,4
"1060","Zottegem","41081","Gewestweg",1,0,0,2,1,0,4
"1061","Zoutleeuw","24130","Gemeenteweg",0,0,0,2,0,1,2
"1062","Zoutleeuw","24130","Gewestweg",0,1,0,0,0,0,1
"1063","Zuienkerke","31042","Gewestweg",2,0,0,0,0,1,2
"1064","Zulte","44081","Gewestweg",0,0,1,0,1,0,2
"1065","Zutendaal","71067","Gewestweg",0,0,0,0,1,0,1
"1066","Zwalm","45065","Gewestweg",2,0,0,3,0,0,5
"1067","Zwevegem","34042","Gemeenteweg",1,0,1,1,1,0,4
"1068","Zwevegem","34042","Gewestweg",0,0,0,1,1,1,2
"1069","Zwijndrecht","11056","Autosnelweg",1,0,0,0,0,0,1
"1070","Zwijndrecht","11056","Gemeenteweg",0,0,0,0,0,1,0
"1071","Zwijndrecht","11056","Gewestweg",1,0,1,0,0,0,2
"1072","’s Gravenbrakel","55004","Gewestweg",3,0,0,1,0,2,4
